Date,Time,Result
2025-12-23,22:12:50.856148,NOT OK
2025-12-23,22:12:51.012083,NOT OK
2025-12-23,22:12:51.291922,NOT OK
2025-12-23,22:12:51.989482,NOT OK
2025-12-23,22:12:52.233269,NOT OK
2025-12-23,22:12:52.538088,NOT OK
2025-12-23,22:12:52.927058,NOT OK
2025-12-23,22:12:54.823654,NOT OK
2025-12-23,22:12:55.139079,NOT OK
2025-12-23,22:12:55.320595,NOT OK
2025-12-23,22:12:55.822543,NOT OK
2025-12-23,22:12:56.126485,NOT OK
2025-12-23,22:12:56.714620,NOT OK
2025-12-23,22:12:56.820412,NOT OK
2025-12-23,22:12:56.864560,NOT OK
2025-12-23,22:12:56.976560,NOT OK
2025-12-23,22:12:57.067312,NOT OK
2025-12-23,22:12:57.208705,NOT OK
2025-12-23,22:12:57.466533,NOT OK
2025-12-23,22:12:57.817312,NOT OK
2025-12-23,22:12:57.991239,NOT OK
2025-12-23,22:12:58.496595,NOT OK
2025-12-23,22:12:58.536770,NOT OK
2025-12-23,22:12:58.629864,NOT OK
2025-12-23,22:12:58.819090,NOT OK
2025-12-23,22:12:58.854502,NOT OK
2025-12-23,22:12:58.895123,NOT OK
2025-12-23,22:12:59.101456,NOT OK
2025-12-23,22:12:59.138371,NOT OK
2025-12-23,22:12:59.393310,NOT OK
2025-12-23,22:12:59.427647,NOT OK
2025-12-23,22:12:59.495048,NOT OK
2025-12-23,22:12:59.609358,NOT OK
2025-12-23,22:12:59.700678,NOT OK
2025-12-23,22:12:59.801615,NOT OK
2025-12-23,22:12:59.952780,NOT OK
2025-12-23,22:13:00.303261,NOT OK
2025-12-23,22:13:00.404966,NOT OK
2025-12-23,22:13:00.610899,NOT OK
2025-12-23,22:13:00.716278,NOT OK
2025-12-23,22:13:00.783538,NOT OK
2025-12-23,22:13:00.818234,NOT OK
2025-12-23,22:13:00.891456,NOT OK
2025-12-23,22:13:00.960755,NOT OK
2025-12-23,22:13:01.133987,NOT OK
2025-12-23,22:13:01.205164,NOT OK
2025-12-23,22:13:01.336330,NOT OK
2025-12-23,22:13:01.983400,NOT OK
2025-12-23,22:13:02.455263,NOT OK
2025-12-23,22:13:02.689934,NOT OK
2025-12-23,22:13:03.033410,NOT OK
2025-12-23,22:13:03.128698,NOT OK
2025-12-23,22:13:03.241166,NOT OK
2025-12-23,22:13:03.445231,NOT OK
2025-12-23,22:13:04.328672,NOT OK
2025-12-23,22:13:04.428642,NOT OK
2025-12-23,22:13:04.531439,NOT OK
2025-12-23,22:13:04.914764,NOT OK
2025-12-23,22:13:06.085715,NOT OK
2025-12-23,22:13:07.072277,NOT OK
2025-12-23,22:13:07.191352,NOT OK
2025-12-23,22:13:07.385561,NOT OK
2025-12-23,22:13:07.618886,NOT OK
2025-12-23,22:13:08.267320,NOT OK
2025-12-23,22:13:08.456372,NOT OK
2025-12-23,22:13:09.057734,NOT OK
2025-12-23,22:13:09.270637,NOT OK
2025-12-23,22:13:10.690328,NOT OK
2025-12-23,22:13:10.952171,NOT OK
2025-12-23,22:13:11.910998,NOT OK
2025-12-23,22:13:12.678098,NOT OK
2025-12-23,22:13:13.029409,NOT OK
2025-12-23,22:13:13.176887,NOT OK
2025-12-23,22:13:13.332696,NOT OK
2025-12-23,22:13:13.525992,NOT OK
2025-12-23,22:13:13.736103,NOT OK
2025-12-23,22:13:13.986527,NOT OK
2025-12-23,22:13:14.280329,NOT OK
2025-12-23,22:13:14.337283,NOT OK
2025-12-23,22:13:14.415772,NOT OK
2025-12-23,22:13:14.460048,NOT OK
2025-12-23,22:13:14.532791,NOT OK
2025-12-23,22:13:14.564917,NOT OK
2025-12-23,22:13:14.613592,NOT OK
2025-12-23,22:13:14.666471,NOT OK
2025-12-23,22:13:14.730499,NOT OK
2025-12-23,22:13:14.766391,NOT OK
2025-12-23,22:13:14.835983,NOT OK
2025-12-23,22:13:14.880577,NOT OK
2025-12-23,22:13:14.953056,NOT OK
2025-12-23,22:13:14.999157,NOT OK
2025-12-23,22:13:15.144078,NOT OK
2025-12-23,22:13:15.226137,NOT OK
2025-12-23,22:13:15.332492,NOT OK
2025-12-23,22:13:15.400243,NOT OK
2025-12-23,22:13:15.508503,NOT OK
2025-12-23,22:13:15.600347,NOT OK
2025-12-23,22:13:15.713540,NOT OK
2025-12-23,22:13:15.770515,NOT OK
2025-12-23,22:13:15.862198,NOT OK
2025-12-23,22:13:15.928077,NOT OK
2025-12-23,22:13:15.971043,NOT OK
2025-12-23,22:13:16.107858,NOT OK
2025-12-23,22:13:16.162341,NOT OK
2025-12-23,22:13:16.263463,NOT OK
2025-12-23,22:13:16.360612,NOT OK
2025-12-23,22:13:16.550468,NOT OK
2025-12-23,22:13:16.655995,NOT OK
2025-12-23,22:13:16.696729,NOT OK
2025-12-23,22:13:16.770048,NOT OK
2025-12-23,22:13:16.856234,NOT OK
2025-12-23,22:13:16.906966,NOT OK
2025-12-23,22:13:16.950999,NOT OK
2025-12-23,22:13:17.080274,NOT OK
2025-12-23,22:13:17.114528,NOT OK
2025-12-23,22:13:17.178776,NOT OK
2025-12-23,22:13:17.226790,NOT OK
2025-12-23,22:13:17.327078,NOT OK
2025-12-23,22:13:17.419105,NOT OK
2025-12-23,22:13:17.509430,NOT OK
2025-12-23,22:13:17.568833,NOT OK
2025-12-23,22:13:17.606587,NOT OK
2025-12-23,22:13:17.671375,NOT OK
2025-12-23,22:13:17.704608,NOT OK
2025-12-23,22:13:17.750587,NOT OK
2025-12-23,22:13:17.831368,NOT OK
2025-12-23,22:13:17.938518,NOT OK
2025-12-23,22:13:18.049178,NOT OK
2025-12-23,22:13:18.200946,NOT OK
2025-12-23,22:13:18.369933,NOT OK
2025-12-23,22:13:18.504914,NOT OK
2025-12-23,22:13:18.600747,NOT OK
2025-12-23,22:13:18.668957,NOT OK
2025-12-23,22:13:18.715709,NOT OK
2025-12-23,22:13:18.776337,NOT OK
2025-12-23,22:13:18.842088,NOT OK
2025-12-23,22:13:18.880331,NOT OK
2025-12-23,22:13:18.955627,NOT OK
2025-12-23,22:13:19.136647,NOT OK
2025-12-23,22:13:19.216173,NOT OK
2025-12-23,22:13:19.253771,NOT OK
2025-12-23,22:13:19.321378,NOT OK
2025-12-23,22:13:19.407104,NOT OK
2025-12-23,22:13:19.540541,NOT OK
2025-12-23,22:13:19.800133,NOT OK
2025-12-23,22:13:19.899306,NOT OK
2025-12-23,22:13:19.981168,NOT OK
2025-12-23,22:13:20.021150,NOT OK
2025-12-23,22:13:20.081829,NOT OK
2025-12-23,22:13:20.120110,NOT OK
2025-12-23,22:13:20.184867,NOT OK
2025-12-23,22:13:20.226020,NOT OK
2025-12-23,22:13:20.304277,NOT OK
2025-12-23,22:13:20.341991,NOT OK
2025-12-23,22:13:20.414551,NOT OK
2025-12-23,22:13:20.479246,NOT OK
2025-12-23,22:13:20.542154,NOT OK
2025-12-23,22:13:20.583227,NOT OK
2025-12-23,22:13:20.632395,NOT OK
2025-12-23,22:13:20.667373,NOT OK
2025-12-23,22:13:20.764268,NOT OK
2025-12-23,22:13:20.815551,NOT OK
2025-12-23,22:13:20.898505,NOT OK
2025-12-23,22:13:20.939534,NOT OK
2025-12-23,22:13:21.100790,NOT OK
2025-12-23,22:13:21.141353,NOT OK
2025-12-23,22:13:21.228509,NOT OK
2025-12-23,22:13:21.331514,NOT OK
2025-12-23,22:13:21.421826,NOT OK
2025-12-23,22:13:21.500893,NOT OK
2025-12-23,22:13:21.566315,NOT OK
2025-12-23,22:13:21.600753,NOT OK
2025-12-23,22:13:21.662651,NOT OK
2025-12-23,22:13:21.696567,NOT OK
2025-12-23,22:13:21.748088,NOT OK
2025-12-23,22:13:21.811298,NOT OK
2025-12-23,22:13:21.859734,NOT OK
2025-12-23,22:13:21.932020,NOT OK
2025-12-23,22:13:21.975173,NOT OK
2025-12-23,22:13:22.103234,NOT OK
2025-12-23,22:13:22.141885,NOT OK
2025-12-23,22:13:22.239453,NOT OK
2025-12-23,22:13:22.333097,NOT OK
2025-12-23,22:13:22.426993,NOT OK
2025-12-23,22:13:22.520836,NOT OK
2025-12-23,22:13:22.564756,NOT OK
2025-12-23,22:13:22.712962,NOT OK
2025-12-23,22:13:22.805543,NOT OK
2025-12-23,22:13:22.898859,NOT OK
2025-12-23,22:13:22.999585,NOT OK
2025-12-23,22:13:23.081686,NOT OK
2025-12-23,22:13:23.134969,NOT OK
2025-12-23,22:13:23.168884,NOT OK
2025-12-23,22:13:23.233536,NOT OK
2025-12-23,22:13:23.300864,NOT OK
2025-12-23,22:13:23.344040,NOT OK
2025-12-23,22:13:23.443902,NOT OK
2025-12-23,22:13:23.513337,NOT OK
2025-12-23,22:13:23.617701,NOT OK
2025-12-23,22:13:23.754436,NOT OK
2025-12-23,22:13:23.867526,NOT OK
2025-12-23,22:13:23.951314,NOT OK
2025-12-23,22:13:24.011210,NOT OK
2025-12-23,22:13:24.055420,NOT OK
2025-12-23,22:13:24.130259,NOT OK
2025-12-23,22:13:24.203733,NOT OK
2025-12-23,22:13:24.269806,NOT OK
2025-12-23,22:13:24.356133,NOT OK
2025-12-23,22:13:24.452306,NOT OK
2025-12-23,22:13:24.538972,NOT OK
2025-12-23,22:13:24.606112,NOT OK
2025-12-23,22:13:24.677160,NOT OK
2025-12-23,22:13:24.712372,NOT OK
2025-12-23,22:13:24.839404,NOT OK
2025-12-23,22:13:24.948720,NOT OK
2025-12-23,22:13:25.035610,NOT OK
2025-12-23,22:13:25.136236,NOT OK
2025-12-23,22:13:25.253083,NOT OK
2025-12-23,22:13:25.357788,NOT OK
2025-12-23,22:13:25.446431,NOT OK
2025-12-23,22:13:25.560095,NOT OK
2025-12-23,22:13:25.707253,NOT OK
2025-12-23,22:13:25.864223,NOT OK
2025-12-23,22:13:26.115190,NOT OK
2025-12-23,22:13:26.321012,NOT OK
2025-12-23,22:13:26.427029,NOT OK
2025-12-23,22:13:26.530460,NOT OK
2025-12-23,22:13:26.600932,NOT OK
2025-12-23,22:13:26.664299,NOT OK
2025-12-23,22:13:26.697886,NOT OK
2025-12-23,22:13:26.845870,NOT OK
2025-12-23,22:13:26.979198,NOT OK
2025-12-23,22:13:27.260681,NOT OK
2025-12-23,22:13:27.471484,NOT OK
2025-12-23,22:13:27.621053,NOT OK
2025-12-23,22:13:27.761847,NOT OK
2025-12-23,22:13:27.971551,NOT OK
2025-12-23,22:13:28.067830,NOT OK
2025-12-23,22:13:28.105430,NOT OK
2025-12-23,22:13:28.148069,NOT OK
2025-12-23,22:13:28.210285,NOT OK
2025-12-23,22:13:28.304667,NOT OK
2025-12-23,22:13:28.395360,NOT OK
2025-12-23,22:13:28.573447,NOT OK
2025-12-23,22:13:28.759225,NOT OK
2025-12-23,22:13:28.901881,NOT OK
2025-12-23,22:13:29.059719,NOT OK
2025-12-23,22:13:29.276142,NOT OK
2025-12-23,22:13:29.601940,NOT OK
2025-12-23,22:13:29.765774,NOT OK
2025-12-23,22:13:29.962826,NOT OK
2025-12-23,22:13:30.053896,NOT OK
2025-12-23,22:13:30.158283,NOT OK
2025-12-23,22:13:30.256917,NOT OK
2025-12-23,22:13:30.348905,NOT OK
2025-12-23,22:13:30.693072,NOT OK
2025-12-23,22:13:30.806671,NOT OK
2025-12-23,22:13:30.947290,NOT OK
2025-12-23,22:13:31.200776,NOT OK
2025-12-23,22:13:31.447042,NOT OK
2025-12-23,22:13:31.753244,NOT OK
2025-12-23,22:13:31.898169,NOT OK
2025-12-23,22:13:31.997620,NOT OK
2025-12-23,22:13:32.136229,NOT OK
2025-12-23,22:13:32.287017,NOT OK
2025-12-23,22:13:32.389464,NOT OK
2025-12-23,22:13:32.543203,NOT OK
2025-12-23,22:13:32.708474,NOT OK
2025-12-23,22:13:32.809677,NOT OK
2025-12-23,22:13:32.936690,NOT OK
2025-12-23,22:13:33.087869,NOT OK
2025-12-23,22:13:33.339168,NOT OK
2025-12-23,22:13:33.491730,NOT OK
2025-12-23,22:13:33.626803,NOT OK
2025-12-23,22:13:33.734688,NOT OK
2025-12-23,22:13:33.892617,NOT OK
2025-12-23,22:13:34.118897,NOT OK
2025-12-23,22:13:34.294478,NOT OK
2025-12-23,22:13:34.422316,NOT OK
2025-12-23,22:13:34.569581,NOT OK
2025-12-23,22:13:34.727483,NOT OK
2025-12-23,22:13:34.823389,NOT OK
2025-12-23,22:13:34.919006,NOT OK
2025-12-23,22:13:35.090467,NOT OK
2025-12-23,22:13:35.189645,NOT OK
2025-12-23,22:13:35.237665,NOT OK
2025-12-23,22:13:35.320240,NOT OK
2025-12-23,22:13:35.420384,NOT OK
2025-12-23,22:13:35.531369,NOT OK
2025-12-23,22:13:35.626959,NOT OK
2025-12-23,22:13:35.762574,NOT OK
2025-12-23,22:13:35.971316,NOT OK
2025-12-23,22:13:36.148281,NOT OK
2025-12-23,22:13:36.279181,NOT OK
2025-12-23,22:13:36.472831,NOT OK
2025-12-23,22:13:36.751423,NOT OK
2025-12-23,22:13:37.122031,NOT OK
2025-12-23,22:13:37.367962,NOT OK
2025-12-23,22:13:37.523570,NOT OK
2025-12-23,22:13:37.657489,NOT OK
2025-12-23,22:13:37.757903,NOT OK
2025-12-23,22:13:37.959057,NOT OK
2025-12-23,22:13:38.200632,NOT OK
2025-12-23,22:13:38.260493,NOT OK
2025-12-23,22:13:38.371992,NOT OK
2025-12-23,22:13:38.503290,NOT OK
2025-12-23,22:13:38.650679,NOT OK
2025-12-23,22:13:39.199303,NOT OK
2025-12-23,22:13:39.314982,NOT OK
2025-12-23,22:13:39.556007,NOT OK
2025-12-23,22:13:39.704054,NOT OK
2025-12-23,22:13:39.888894,NOT OK
2025-12-23,22:13:39.993915,NOT OK
2025-12-23,22:13:40.295605,NOT OK
2025-12-23,22:13:40.696120,NOT OK
2025-12-23,22:13:40.858238,NOT OK
2025-12-23,22:13:40.936542,NOT OK
2025-12-23,22:13:41.051187,NOT OK
2025-12-23,22:13:41.168556,NOT OK
2025-12-23,22:13:41.288563,NOT OK
2025-12-23,22:13:41.388949,NOT OK
2025-12-23,22:13:41.553269,NOT OK
2025-12-23,22:13:41.689276,NOT OK
2025-12-23,22:13:41.831289,NOT OK
2025-12-23,22:13:41.997647,NOT OK
2025-12-23,22:13:42.091560,NOT OK
2025-12-23,22:13:42.231099,NOT OK
2025-12-23,22:13:42.350572,NOT OK
2025-12-23,22:13:42.633606,NOT OK
2025-12-23,22:13:43.476734,NOT OK
2025-12-23,22:13:43.617572,NOT OK
2025-12-23,22:13:43.732324,NOT OK
2025-12-23,22:13:43.859732,NOT OK
2025-12-23,22:13:43.936751,NOT OK
2025-12-23,22:13:44.044426,NOT OK
2025-12-23,22:13:44.130253,NOT OK
2025-12-23,22:13:44.173681,NOT OK
2025-12-23,22:13:44.212044,NOT OK
2025-12-23,22:13:44.268721,NOT OK
2025-12-23,22:13:44.335031,NOT OK
2025-12-23,22:13:44.379861,NOT OK
2025-12-23,22:13:44.418165,NOT OK
2025-12-23,22:13:44.519004,NOT OK
2025-12-23,22:13:44.636507,NOT OK
2025-12-23,22:13:44.726885,NOT OK
2025-12-23,22:13:44.914138,NOT OK
2025-12-23,22:13:45.080469,NOT OK
2025-12-23,22:13:45.198282,NOT OK
2025-12-23,22:13:45.320417,NOT OK
2025-12-23,22:13:45.414114,NOT OK
2025-12-23,22:13:45.721544,NOT OK
2025-12-23,22:13:46.168175,NOT OK
2025-12-23,22:13:46.324497,NOT OK
2025-12-23,22:13:46.535682,NOT OK
2025-12-23,22:13:46.664269,NOT OK
2025-12-23,22:13:46.774745,NOT OK
2025-12-23,22:13:46.871334,NOT OK
2025-12-23,22:13:47.059843,NOT OK
2025-12-23,22:13:47.622493,NOT OK
2025-12-23,22:13:47.818570,NOT OK
2025-12-23,22:13:47.930198,NOT OK
2025-12-23,22:13:48.201073,NOT OK
2025-12-23,22:13:48.602329,NOT OK
2025-12-23,22:13:49.452325,NOT OK
2025-12-23,22:13:49.605890,NOT OK
2025-12-23,22:13:49.901931,NOT OK
2025-12-23,22:13:50.489778,NOT OK
2025-12-23,22:13:50.759993,NOT OK
2025-12-23,22:13:50.883805,NOT OK
2025-12-23,22:13:51.089746,NOT OK
2025-12-23,22:13:51.339299,NOT OK
2025-12-23,22:13:51.683202,NOT OK
2025-12-23,22:13:52.052691,NOT OK
2025-12-23,22:13:52.342102,NOT OK
2025-12-23,22:13:52.538315,NOT OK
2025-12-23,22:13:52.677671,NOT OK
2025-12-23,22:13:52.839864,NOT OK
2025-12-23,22:13:53.032166,NOT OK
2025-12-23,22:13:53.216094,NOT OK
2025-12-23,22:13:53.529010,NOT OK
2025-12-23,22:13:53.735866,NOT OK
2025-12-23,22:13:53.777654,NOT OK
2025-12-23,22:13:53.847906,NOT OK
2025-12-23,22:13:53.925145,NOT OK
2025-12-23,22:13:54.028835,NOT OK
2025-12-23,22:13:54.126832,NOT OK
2025-12-23,22:13:54.228035,NOT OK
2025-12-23,22:13:54.322485,NOT OK
2025-12-23,22:13:54.480509,NOT OK
2025-12-23,22:13:54.679534,NOT OK
2025-12-23,22:13:54.798069,NOT OK
2025-12-23,22:13:54.889325,NOT OK
2025-12-23,22:13:55.071527,NOT OK
2025-12-23,22:13:55.413480,NOT OK
2025-12-23,22:13:55.716173,NOT OK
2025-12-23,22:13:55.924256,NOT OK
2025-12-23,22:13:56.118674,NOT OK
2025-12-23,22:13:56.359803,NOT OK
2025-12-23,22:13:56.602141,NOT OK
2025-12-23,22:13:56.671288,NOT OK
2025-12-23,22:13:56.850467,NOT OK
2025-12-23,22:13:56.980822,NOT OK
2025-12-23,22:13:57.070300,NOT OK
2025-12-23,22:13:57.221649,NOT OK
2025-12-23,22:13:57.463825,NOT OK
2025-12-23,22:13:57.561227,NOT OK
2025-12-23,22:13:57.658198,NOT OK
2025-12-23,22:13:57.760304,NOT OK
2025-12-23,22:13:57.867641,NOT OK
2025-12-23,22:13:57.967452,NOT OK
2025-12-23,22:13:58.107484,NOT OK
2025-12-23,22:13:58.172215,NOT OK
2025-12-23,22:13:58.207634,NOT OK
2025-12-23,22:13:58.304383,NOT OK
2025-12-23,22:13:58.419308,NOT OK
2025-12-23,22:13:58.567093,NOT OK
2025-12-23,22:13:58.704234,NOT OK
2025-12-23,22:13:58.819443,NOT OK
2025-12-23,22:13:58.896750,NOT OK
2025-12-23,22:13:59.102324,NOT OK
2025-12-23,22:13:59.198698,NOT OK
2025-12-23,22:13:59.288708,NOT OK
2025-12-23,22:13:59.462628,NOT OK
2025-12-23,22:13:59.593757,NOT OK
2025-12-23,22:13:59.802882,NOT OK
2025-12-23,22:13:59.991565,NOT OK
2025-12-23,22:14:00.351412,NOT OK
2025-12-23,22:14:00.446694,NOT OK
2025-12-23,22:14:00.553586,NOT OK
2025-12-23,22:14:00.744365,NOT OK
2025-12-23,22:14:00.881727,NOT OK
2025-12-23,22:14:01.164584,NOT OK
2025-12-23,22:14:01.259993,NOT OK
2025-12-23,22:14:01.554894,NOT OK
2025-12-23,22:14:01.739232,NOT OK
2025-12-23,22:14:01.885677,NOT OK
2025-12-23,22:14:01.994417,NOT OK
2025-12-23,22:14:02.145036,NOT OK
2025-12-23,22:14:02.239334,NOT OK
2025-12-23,22:14:02.276053,NOT OK
2025-12-23,22:14:02.357890,NOT OK
2025-12-23,22:14:02.391572,NOT OK
2025-12-23,22:14:02.534279,NOT OK
2025-12-23,22:14:02.635208,NOT OK
2025-12-23,22:14:02.693990,NOT OK
2025-12-23,22:14:02.735697,NOT OK
2025-12-23,22:14:02.837433,NOT OK
2025-12-23,22:14:02.942372,NOT OK
2025-12-23,22:14:03.079440,NOT OK
2025-12-23,22:14:03.121311,NOT OK
2025-12-23,22:14:03.222134,NOT OK
2025-12-23,22:14:03.887884,NOT OK
2025-12-23,22:14:03.979570,NOT OK
2025-12-23,22:14:04.122838,NOT OK
2025-12-23,22:14:04.331391,NOT OK
2025-12-23,22:14:04.560194,NOT OK
2025-12-23,22:14:04.679665,NOT OK
2025-12-23,22:14:04.778441,NOT OK
2025-12-23,22:14:04.860272,NOT OK
2025-12-23,22:14:04.962777,NOT OK
2025-12-23,22:14:05.055104,NOT OK
2025-12-23,22:14:05.095864,NOT OK
2025-12-23,22:14:05.210720,NOT OK
2025-12-23,22:14:05.334146,NOT OK
2025-12-23,22:14:05.527796,NOT OK
2025-12-23,22:14:05.626351,NOT OK
2025-12-23,22:14:05.727097,NOT OK
2025-12-23,22:14:05.861250,NOT OK
2025-12-23,22:14:05.959227,NOT OK
2025-12-23,22:14:06.122876,NOT OK
2025-12-23,22:14:06.193399,NOT OK
2025-12-23,22:14:06.425119,NOT OK
2025-12-23,22:14:06.515288,NOT OK
2025-12-23,22:14:06.641849,NOT OK
2025-12-23,22:14:06.757308,NOT OK
2025-12-23,22:14:06.912974,NOT OK
2025-12-23,22:14:07.077048,NOT OK
2025-12-23,22:14:07.288379,NOT OK
2025-12-23,22:14:07.503932,NOT OK
2025-12-23,22:14:07.587926,NOT OK
2025-12-23,22:14:07.653114,NOT OK
2025-12-23,22:14:07.693555,NOT OK
2025-12-23,22:14:07.744837,NOT OK
2025-12-23,22:14:07.834598,NOT OK
2025-12-23,22:14:07.950274,NOT OK
2025-12-23,22:14:08.038728,NOT OK
2025-12-23,22:14:08.087629,NOT OK
2025-12-23,22:14:08.125075,NOT OK
2025-12-23,22:14:08.188638,NOT OK
2025-12-23,22:14:08.228033,NOT OK
2025-12-23,22:14:08.293323,NOT OK
2025-12-23,22:14:08.395964,NOT OK
2025-12-23,22:14:08.495737,NOT OK
2025-12-23,22:14:08.610443,NOT OK
2025-12-23,22:14:08.683191,NOT OK
2025-12-23,22:14:08.864494,NOT OK
2025-12-23,22:14:08.939339,NOT OK
2025-12-23,22:14:09.109702,NOT OK
2025-12-23,22:14:09.493951,NOT OK
2025-12-23,22:14:09.707749,NOT OK
2025-12-23,22:14:09.859649,NOT OK
2025-12-23,22:14:10.049882,NOT OK
2025-12-23,22:14:10.552957,NOT OK
2025-12-23,22:14:10.699441,NOT OK
2025-12-23,22:14:10.809598,NOT OK
2025-12-23,22:14:10.886114,NOT OK
2025-12-23,22:14:10.928239,NOT OK
2025-12-23,22:14:11.087645,NOT OK
2025-12-23,22:14:11.157800,NOT OK
2025-12-23,22:14:11.193143,NOT OK
2025-12-23,22:14:11.236350,NOT OK
2025-12-23,22:14:11.288653,NOT OK
2025-12-23,22:14:11.334749,NOT OK
2025-12-23,22:14:11.449376,NOT OK
2025-12-23,22:14:11.510583,NOT OK
2025-12-23,22:14:11.632647,NOT OK
2025-12-23,22:14:11.825622,NOT OK
2025-12-23,22:14:12.229423,NOT OK
2025-12-23,22:14:12.958051,NOT OK
2025-12-23,22:14:14.026342,NOT OK
2025-12-23,22:14:14.903965,NOT OK
2025-12-23,22:14:16.195402,NOT OK
2025-12-23,22:14:16.694729,NOT OK
2025-12-23,22:14:17.193938,NOT OK
2025-12-23,22:14:18.377731,NOT OK
2025-12-23,22:14:19.178064,NOT OK
2025-12-23,22:14:19.672077,NOT OK
2025-12-23,22:14:19.959484,NOT OK
2025-12-23,22:14:20.057679,NOT OK
2025-12-23,22:14:20.272421,NOT OK
2025-12-23,22:14:20.446632,NOT OK
2025-12-23,22:14:20.667690,NOT OK
2025-12-23,22:14:20.850379,NOT OK
2025-12-23,22:14:21.092177,NOT OK
2025-12-23,22:14:21.258237,NOT OK
2025-12-23,22:14:21.350265,NOT OK
2025-12-23,22:14:21.446998,NOT OK
2025-12-23,22:14:21.542041,NOT OK
2025-12-23,22:14:21.648651,NOT OK
2025-12-23,22:14:21.842536,NOT OK
2025-12-23,22:14:21.940153,NOT OK
2025-12-23,22:14:22.133629,NOT OK
2025-12-23,22:14:22.243474,NOT OK
2025-12-23,22:14:22.498185,NOT OK
2025-12-23,22:14:22.642879,NOT OK
2025-12-23,22:14:22.841401,NOT OK
2025-12-23,22:14:22.954833,NOT OK
2025-12-23,22:14:23.075403,NOT OK
2025-12-23,22:14:23.143900,NOT OK
2025-12-23,22:14:23.243047,NOT OK
2025-12-23,22:14:23.338463,NOT OK
2025-12-23,22:14:23.431504,NOT OK
2025-12-23,22:14:23.521888,NOT OK
2025-12-23,22:14:23.633777,NOT OK
2025-12-23,22:14:23.737205,NOT OK
2025-12-23,22:14:23.930291,NOT OK
2025-12-23,22:14:24.124484,NOT OK
2025-12-23,22:14:24.234587,NOT OK
2025-12-23,22:14:24.421155,NOT OK
2025-12-23,22:14:24.611885,NOT OK
2025-12-23,22:14:24.825775,NOT OK
2025-12-23,22:14:25.058768,NOT OK
2025-12-23,22:14:25.321361,NOT OK
2025-12-23,22:14:25.513932,NOT OK
2025-12-23,22:14:25.719510,NOT OK
2025-12-23,22:14:25.915005,NOT OK
2025-12-23,22:14:26.102957,NOT OK
2025-12-23,22:14:26.197094,NOT OK
2025-12-23,22:14:26.410412,NOT OK
2025-12-23,22:14:26.592191,NOT OK
2025-12-23,22:14:26.801318,NOT OK
2025-12-23,22:14:26.904354,NOT OK
2025-12-23,22:14:26.998840,NOT OK
2025-12-23,22:14:27.067840,NOT OK
2025-12-23,22:14:27.103192,NOT OK
2025-12-23,22:14:27.175973,NOT OK
2025-12-23,22:14:27.220041,NOT OK
2025-12-23,22:14:27.281139,NOT OK
2025-12-23,22:14:27.318234,NOT OK
2025-12-23,22:14:27.378430,NOT OK
2025-12-23,22:14:27.419656,NOT OK
2025-12-23,22:14:27.511357,NOT OK
2025-12-23,22:14:27.601109,NOT OK
2025-12-23,22:14:27.705281,NOT OK
2025-12-23,22:14:27.815233,NOT OK
2025-12-23,22:14:27.954663,NOT OK
2025-12-23,22:14:28.132656,NOT OK
2025-12-23,22:14:28.306092,NOT OK
2025-12-23,22:14:28.398716,NOT OK
2025-12-23,22:14:28.459327,NOT OK
2025-12-23,22:14:28.501673,NOT OK
2025-12-23,22:14:28.539207,NOT OK
2025-12-23,22:14:28.599041,NOT OK
2025-12-23,22:14:28.641418,NOT OK
2025-12-23,22:14:28.703678,NOT OK
2025-12-23,22:14:28.764498,NOT OK
2025-12-23,22:14:28.798429,NOT OK
2025-12-23,22:14:28.895496,NOT OK
2025-12-23,22:14:29.068129,NOT OK
2025-12-23,22:14:29.205788,NOT OK
2025-12-23,22:14:29.332261,NOT OK
2025-12-23,22:14:29.476145,NOT OK
2025-12-23,22:14:29.600898,NOT OK
2025-12-23,22:14:29.687471,NOT OK
2025-12-23,22:14:29.728965,NOT OK
2025-12-23,22:14:29.797434,NOT OK
2025-12-23,22:14:29.834101,NOT OK
2025-12-23,22:14:29.903324,NOT OK
2025-12-23,22:14:29.940132,NOT OK
2025-12-23,22:14:30.005430,NOT OK
2025-12-23,22:14:30.098441,NOT OK
2025-12-23,22:14:30.198334,NOT OK
2025-12-23,22:14:30.287327,NOT OK
2025-12-23,22:14:30.389692,NOT OK
2025-12-23,22:14:30.537228,NOT OK
2025-12-23,22:14:30.673288,NOT OK
2025-12-23,22:14:30.790723,NOT OK
2025-12-23,22:14:30.936518,NOT OK
2025-12-23,22:14:31.087768,NOT OK
2025-12-23,22:14:31.228726,NOT OK
2025-12-23,22:14:31.296767,NOT OK
2025-12-23,22:14:31.331348,NOT OK
2025-12-23,22:14:31.380573,NOT OK
2025-12-23,22:14:31.454214,NOT OK
2025-12-23,22:14:31.514859,NOT OK
2025-12-23,22:14:31.555275,NOT OK
2025-12-23,22:14:31.638000,NOT OK
2025-12-23,22:14:31.738944,NOT OK
2025-12-23,22:14:31.797141,NOT OK
2025-12-23,22:14:31.871502,NOT OK
2025-12-23,22:14:31.916626,NOT OK
2025-12-23,22:14:31.987144,NOT OK
2025-12-23,22:14:32.042445,NOT OK
2025-12-23,22:14:32.084305,NOT OK
2025-12-23,22:14:32.219592,NOT OK
2025-12-23,22:14:32.344758,NOT OK
2025-12-23,22:14:32.483344,NOT OK
2025-12-23,22:14:32.524129,NOT OK
2025-12-23,22:14:32.666300,NOT OK
2025-12-23,22:14:32.778624,NOT OK
2025-12-23,22:14:32.937089,NOT OK
2025-12-23,22:14:33.076159,NOT OK
2025-12-23,22:14:33.205247,NOT OK
2025-12-23,22:14:33.334303,NOT OK
2025-12-23,22:14:33.432009,NOT OK
2025-12-23,22:14:33.567411,NOT OK
2025-12-23,22:14:33.766941,NOT OK
2025-12-23,22:14:33.928134,NOT OK
2025-12-23,22:14:34.027502,NOT OK
2025-12-23,22:14:34.129579,NOT OK
2025-12-23,22:14:34.250976,NOT OK
2025-12-23,22:14:34.352427,NOT OK
2025-12-23,22:14:34.445814,NOT OK
2025-12-23,22:14:34.580024,NOT OK
2025-12-23,22:14:34.756475,NOT OK
2025-12-23,22:14:34.874136,NOT OK
2025-12-23,22:14:34.982821,NOT OK
2025-12-23,22:14:35.081148,NOT OK
2025-12-23,22:14:35.137275,NOT OK
2025-12-23,22:14:35.179888,NOT OK
2025-12-23,22:14:35.270463,NOT OK
2025-12-23,22:14:35.359456,NOT OK
2025-12-23,22:14:35.471791,NOT OK
2025-12-23,22:14:35.556407,NOT OK
2025-12-23,22:14:35.678329,NOT OK
2025-12-23,22:14:35.774135,NOT OK
2025-12-23,22:14:35.860247,NOT OK
2025-12-23,22:14:35.920441,NOT OK
2025-12-23,22:14:35.973768,NOT OK
2025-12-23,22:14:36.031689,NOT OK
2025-12-23,22:14:36.066350,NOT OK
2025-12-23,22:14:36.143143,NOT OK
2025-12-23,22:14:36.216775,NOT OK
2025-12-23,22:14:36.266446,NOT OK
2025-12-23,22:14:36.301199,NOT OK
2025-12-23,22:14:36.367255,NOT OK
2025-12-23,22:14:36.399687,NOT OK
2025-12-23,22:14:36.500904,NOT OK
2025-12-23,22:14:36.600240,NOT OK
2025-12-23,22:14:36.745469,NOT OK
2025-12-23,22:14:36.911219,NOT OK
2025-12-23,22:14:37.102498,NOT OK
2025-12-23,22:14:37.300987,NOT OK
2025-12-23,22:14:37.493839,NOT OK
2025-12-23,22:14:37.597966,NOT OK
2025-12-23,22:14:37.685073,NOT OK
2025-12-23,22:14:37.759898,NOT OK
2025-12-23,22:14:37.818463,NOT OK
2025-12-23,22:14:37.874937,NOT OK
2025-12-23,22:14:37.917925,NOT OK
2025-12-23,22:14:37.974390,NOT OK
2025-12-23,22:14:38.061862,NOT OK
2025-12-23,22:14:38.126257,NOT OK
2025-12-23,22:14:38.188261,NOT OK
2025-12-23,22:14:38.256548,NOT OK
2025-12-23,22:14:38.290384,NOT OK
2025-12-23,22:14:38.437751,NOT OK
2025-12-23,22:14:38.511819,NOT OK
2025-12-23,22:14:38.546062,NOT OK
2025-12-23,22:14:38.583800,NOT OK
2025-12-23,22:14:38.647883,NOT OK
2025-12-23,22:14:38.685083,NOT OK
2025-12-23,22:14:38.755942,NOT OK
2025-12-23,22:14:38.796269,NOT OK
2025-12-23,22:14:38.853020,NOT OK
2025-12-23,22:14:38.941920,NOT OK
2025-12-23,22:14:39.043077,NOT OK
2025-12-23,22:14:39.144907,NOT OK
2025-12-23,22:14:39.287630,NOT OK
2025-12-23,22:14:39.435769,NOT OK
2025-12-23,22:14:39.668294,NOT OK
2025-12-23,22:14:39.790494,NOT OK
2025-12-23,22:14:39.883110,NOT OK
2025-12-23,22:14:39.988180,NOT OK
2025-12-23,22:14:40.040116,NOT OK
2025-12-23,22:14:40.110684,NOT OK
2025-12-23,22:14:40.147455,NOT OK
2025-12-23,22:14:40.245197,NOT OK
2025-12-23,22:14:40.336383,NOT OK
2025-12-23,22:14:40.543148,NOT OK
2025-12-23,22:14:40.636857,NOT OK
2025-12-23,22:14:40.727563,NOT OK
2025-12-23,22:14:40.824189,NOT OK
2025-12-23,22:14:40.926407,NOT OK
2025-12-23,22:14:41.075738,NOT OK
2025-12-23,22:14:41.144142,NOT OK
2025-12-23,22:14:41.225678,NOT OK
2025-12-23,22:14:41.366707,NOT OK
2025-12-23,22:14:41.412826,NOT OK
2025-12-23,22:14:41.536263,NOT OK
2025-12-23,22:14:41.620325,NOT OK
2025-12-23,22:14:41.717995,NOT OK
2025-12-23,22:14:41.813952,NOT OK
2025-12-23,22:14:41.912356,NOT OK
2025-12-23,22:14:42.029479,NOT OK
2025-12-23,22:14:42.117881,NOT OK
2025-12-23,22:14:42.216687,NOT OK
2025-12-23,22:14:42.319893,NOT OK
2025-12-23,22:14:42.405644,NOT OK
2025-12-23,22:14:42.518247,NOT OK
2025-12-23,22:14:42.610619,NOT OK
2025-12-23,22:14:42.722950,NOT OK
2025-12-23,22:14:42.808008,NOT OK
2025-12-23,22:14:42.943277,NOT OK
2025-12-23,22:14:43.013623,NOT OK
2025-12-23,22:14:43.112134,NOT OK
2025-12-23,22:14:43.202035,NOT OK
2025-12-23,22:14:43.299410,NOT OK
2025-12-23,22:14:43.405717,NOT OK
2025-12-23,22:14:43.513906,NOT OK
2025-12-23,22:14:43.614036,NOT OK
2025-12-23,22:14:43.717441,NOT OK
2025-12-23,22:14:43.808540,NOT OK
2025-12-23,22:14:43.911312,NOT OK
2025-12-23,22:14:44.000336,NOT OK
2025-12-23,22:14:44.108725,NOT OK
2025-12-23,22:14:44.205886,NOT OK
2025-12-23,22:14:44.321407,NOT OK
2025-12-23,22:14:44.406668,NOT OK
2025-12-23,22:14:44.506605,NOT OK
2025-12-23,22:14:44.614252,NOT OK
2025-12-23,22:14:44.701494,NOT OK
2025-12-23,22:14:44.786847,NOT OK
2025-12-23,22:14:44.889737,NOT OK
2025-12-23,22:14:44.988698,NOT OK
2025-12-23,22:14:45.139168,NOT OK
2025-12-23,22:14:45.208547,NOT OK
2025-12-23,22:14:45.287165,NOT OK
2025-12-23,22:14:45.384721,NOT OK
2025-12-23,22:14:45.483507,NOT OK
2025-12-23,22:14:45.594036,NOT OK
2025-12-23,22:14:45.686151,NOT OK
2025-12-23,22:14:45.780759,NOT OK
2025-12-23,22:14:45.887506,NOT OK
2025-12-23,22:14:45.987949,NOT OK
2025-12-23,22:14:46.081781,NOT OK
2025-12-23,22:14:46.195970,NOT OK
2025-12-23,22:14:46.292216,NOT OK
2025-12-23,22:14:46.388718,NOT OK
2025-12-23,22:14:46.567844,NOT OK
2025-12-23,22:14:46.787127,NOT OK
2025-12-23,22:14:46.961932,NOT OK
2025-12-23,22:14:47.176087,NOT OK
2025-12-23,22:14:47.273915,NOT OK
2025-12-23,22:14:47.370093,NOT OK
2025-12-23,22:14:47.467093,NOT OK
2025-12-23,22:14:47.670637,NOT OK
2025-12-23,22:14:47.768067,NOT OK
2025-12-23,22:14:47.861337,NOT OK
2025-12-23,22:14:47.955436,NOT OK
2025-12-23,22:14:48.059097,NOT OK
2025-12-23,22:14:48.169891,NOT OK
2025-12-23,22:14:48.272233,NOT OK
2025-12-23,22:14:48.396227,NOT OK
2025-12-23,22:14:48.472469,NOT OK
2025-12-23,22:14:48.552289,NOT OK
2025-12-23,22:14:48.663449,NOT OK
2025-12-23,22:14:48.760880,NOT OK
2025-12-23,22:14:48.856665,NOT OK
2025-12-23,22:14:48.949801,NOT OK
2025-12-23,22:14:49.095284,NOT OK
2025-12-23,22:14:49.165571,NOT OK
2025-12-23,22:14:49.255947,NOT OK
2025-12-23,22:14:49.347878,NOT OK
2025-12-23,22:14:49.448445,NOT OK
2025-12-23,22:14:49.537806,NOT OK
2025-12-23,22:14:49.762648,NOT OK
2025-12-23,22:14:49.856369,NOT OK
2025-12-23,22:14:50.039475,NOT OK
2025-12-23,22:14:50.135891,NOT OK
2025-12-23,22:14:50.245395,NOT OK
2025-12-23,22:14:50.451663,NOT OK
2025-12-23,22:14:50.634061,NOT OK
2025-12-23,22:14:50.834530,NOT OK
2025-12-23,22:14:51.032481,NOT OK
2025-12-23,22:14:51.232758,NOT OK
2025-12-23,22:14:51.522592,NOT OK
2025-12-23,22:14:51.733505,NOT OK
2025-12-23,22:14:51.923200,NOT OK
2025-12-23,22:14:52.116240,NOT OK
2025-12-23,22:14:52.322943,NOT OK
2025-12-23,22:14:52.511283,NOT OK
2025-12-23,22:14:52.722062,NOT OK
2025-12-23,22:14:52.908855,NOT OK
2025-12-23,22:14:53.050727,NOT OK
2025-12-23,22:14:53.123448,NOT OK
2025-12-23,22:14:53.217219,NOT OK
2025-12-23,22:14:53.317808,NOT OK
2025-12-23,22:14:53.417536,NOT OK
2025-12-23,22:14:53.511790,NOT OK
2025-12-23,22:14:53.602524,NOT OK
2025-12-23,22:14:53.698965,NOT OK
2025-12-23,22:14:53.854067,NOT OK
2025-12-23,22:14:53.916681,NOT OK
2025-12-23,22:14:54.102868,NOT OK
2025-12-23,22:14:54.302260,NOT OK
2025-12-23,22:14:54.508862,NOT OK
2025-12-23,22:14:54.691095,NOT OK
2025-12-23,22:14:54.901737,NOT OK
2025-12-23,22:14:55.098528,NOT OK
2025-12-23,22:14:55.215211,NOT OK
2025-12-23,22:14:55.318607,NOT OK
2025-12-23,22:14:55.400738,NOT OK
2025-12-23,22:14:55.502204,NOT OK
2025-12-23,22:14:55.684493,NOT OK
2025-12-23,22:14:55.898466,NOT OK
2025-12-23,22:14:56.086795,NOT OK
2025-12-23,22:14:56.191900,NOT OK
2025-12-23,22:14:56.288222,NOT OK
2025-12-23,22:14:56.485917,NOT OK
2025-12-23,22:14:56.588040,NOT OK
2025-12-23,22:14:56.679515,NOT OK
2025-12-23,22:14:56.882515,NOT OK
2025-12-23,22:14:57.212934,NOT OK
2025-12-23,22:14:57.380395,NOT OK
2025-12-23,22:14:57.478361,NOT OK
2025-12-23,22:14:57.594294,NOT OK
2025-12-23,22:14:57.685693,NOT OK
2025-12-23,22:14:57.871849,NOT OK
2025-12-23,22:14:58.210232,NOT OK
2025-12-23,22:14:58.369689,NOT OK
2025-12-23,22:14:58.472668,NOT OK
2025-12-23,22:14:58.556474,NOT OK
2025-12-23,22:14:58.768459,NOT OK
2025-12-23,22:14:58.972197,NOT OK
2025-12-23,22:14:59.058974,NOT OK
2025-12-23,22:14:59.300501,NOT OK
2025-12-23,22:14:59.580008,NOT OK
2025-12-23,22:14:59.746518,NOT OK
2025-12-23,22:15:00.057255,NOT OK
2025-12-23,22:15:00.584314,NOT OK
2025-12-23,22:15:00.946532,NOT OK
2025-12-23,22:15:01.498156,NOT OK
2025-12-23,22:15:02.041470,NOT OK
2025-12-23,22:15:02.343875,NOT OK
2025-12-23,22:15:02.635003,NOT OK
2025-12-23,22:15:02.832621,NOT OK
2025-12-23,22:15:03.030557,NOT OK
2025-12-23,22:15:03.124267,NOT OK
2025-12-23,22:15:03.240842,NOT OK
2025-12-23,22:15:03.319787,NOT OK
2025-12-23,22:15:03.412453,NOT OK
2025-12-23,22:15:03.539896,NOT OK
2025-12-23,22:15:03.633304,NOT OK
2025-12-23,22:15:03.819193,NOT OK
2025-12-23,22:15:05.707050,NOT OK
2025-12-23,22:15:05.893428,NOT OK
2025-12-23,22:15:06.123748,NOT OK
2025-12-23,22:15:06.296071,NOT OK
2025-12-23,22:15:06.487315,NOT OK
2025-12-23,22:15:06.691371,NOT OK
2025-12-23,22:15:06.982025,NOT OK
2025-12-23,22:15:07.187869,NOT OK
2025-12-23,22:15:07.374902,NOT OK
2025-12-23,22:15:07.588118,NOT OK
2025-12-23,22:15:07.788527,NOT OK
2025-12-23,22:15:08.182009,NOT OK
2025-12-23,22:15:08.472865,NOT OK
2025-12-23,22:15:09.175001,NOT OK
2025-12-23,22:15:09.775793,NOT OK
2025-12-23,22:15:18.553450,NOT OK
2025-12-23,22:15:18.643920,NOT OK
2025-12-23,22:15:18.777582,NOT OK
2025-12-23,22:15:19.036250,NOT OK
2025-12-23,22:15:19.578679,NOT OK
2025-12-23,22:15:19.736030,NOT OK
2025-12-23,22:15:19.894191,NOT OK
2025-12-23,22:15:20.039578,NOT OK
2025-12-23,22:15:20.188348,NOT OK
2025-12-23,22:15:20.378358,NOT OK
2025-12-23,22:15:20.571875,NOT OK
2025-12-23,22:15:20.778614,NOT OK
2025-12-23,22:15:20.972214,NOT OK
2025-12-23,22:15:21.244985,NOT OK
2025-12-23,22:15:21.430507,NOT OK
2025-12-23,22:15:21.645948,NOT OK
2025-12-23,22:15:21.862088,NOT OK
2025-12-23,22:15:22.068964,NOT OK
2025-12-23,22:15:22.210488,NOT OK
2025-12-23,22:15:22.313647,NOT OK
2025-12-23,22:15:22.413519,NOT OK
2025-12-23,22:15:22.482496,NOT OK
2025-12-23,22:15:22.573510,NOT OK
2025-12-23,22:15:22.666144,NOT OK
2025-12-23,22:15:22.810335,NOT OK
2025-12-23,22:15:22.928964,NOT OK
2025-12-23,22:15:23.056717,NOT OK
2025-12-23,22:15:23.120453,NOT OK
2025-12-23,22:15:23.182134,NOT OK
2025-12-23,22:15:23.216244,NOT OK
2025-12-23,22:15:23.325948,NOT OK
2025-12-23,22:15:23.416202,NOT OK
2025-12-23,22:15:23.576192,NOT OK
2025-12-23,22:15:23.707740,NOT OK
2025-12-23,22:15:23.973043,NOT OK
2025-12-23,22:15:24.211611,NOT OK
2025-12-23,22:15:24.470516,NOT OK
2025-12-23,22:15:24.757541,NOT OK
2025-12-23,22:15:24.968689,NOT OK
2025-12-23,22:15:25.146993,NOT OK
2025-12-23,22:15:25.304824,NOT OK
2025-12-23,22:15:25.528181,NOT OK
2025-12-23,22:15:25.637038,NOT OK
2025-12-23,22:15:25.724629,NOT OK
2025-12-23,22:15:25.783341,NOT OK
2025-12-23,22:15:25.832247,NOT OK
2025-12-23,22:15:25.910778,NOT OK
2025-12-23,22:15:25.943408,NOT OK
2025-12-23,22:15:25.985256,NOT OK
2025-12-23,22:15:26.102244,NOT OK
2025-12-23,22:15:26.153182,NOT OK
2025-12-23,22:15:26.191109,NOT OK
2025-12-23,22:15:26.236127,NOT OK
2025-12-23,22:15:26.304375,NOT OK
2025-12-23,22:15:26.345746,NOT OK
2025-12-23,22:15:26.393671,NOT OK
2025-12-23,22:15:26.452575,NOT OK
2025-12-23,22:15:26.488882,NOT OK
2025-12-23,22:15:26.572675,NOT OK
2025-12-23,22:15:26.608476,NOT OK
2025-12-23,22:15:26.699213,NOT OK
2025-12-23,22:15:26.813419,NOT OK
2025-12-23,22:15:26.933999,NOT OK
2025-12-23,22:15:27.146212,NOT OK
2025-12-23,22:15:27.297253,NOT OK
2025-12-23,22:15:27.400374,NOT OK
2025-12-23,22:15:27.509649,NOT OK
2025-12-23,22:15:27.613172,NOT OK
2025-12-23,22:15:27.651843,NOT OK
2025-12-23,22:15:27.758040,NOT OK
2025-12-23,22:15:27.839112,NOT OK
2025-12-23,22:15:28.004490,NOT OK
2025-12-23,22:15:28.137390,NOT OK
2025-12-23,22:15:28.300665,NOT OK
2025-12-23,22:15:28.395199,NOT OK
2025-12-23,22:15:28.508470,NOT OK
2025-12-23,22:15:28.597419,NOT OK
2025-12-23,22:15:28.687037,NOT OK
2025-12-23,22:15:28.780492,NOT OK
2025-12-23,22:15:28.889823,NOT OK
2025-12-23,22:15:29.093097,NOT OK
2025-12-23,22:15:29.294913,NOT OK
2025-12-23,22:15:29.414621,NOT OK
2025-12-23,22:15:29.514630,NOT OK
2025-12-23,22:15:29.601355,NOT OK
2025-12-23,22:15:29.657565,NOT OK
2025-12-23,22:15:29.691472,NOT OK
2025-12-23,22:15:29.755102,NOT OK
2025-12-23,22:15:29.798124,NOT OK
2025-12-23,22:15:29.918313,NOT OK
2025-12-23,22:15:29.972734,NOT OK
2025-12-23,22:15:30.181746,NOT OK
2025-12-23,22:15:30.365273,NOT OK
2025-12-23,22:15:30.571545,NOT OK
2025-12-23,22:15:30.678636,NOT OK
2025-12-23,22:15:30.777164,NOT OK
2025-12-23,22:15:30.877565,NOT OK
2025-12-23,22:15:30.976879,NOT OK
2025-12-23,22:15:31.077501,NOT OK
2025-12-23,22:15:31.371396,NOT OK
2025-12-23,22:15:32.193455,NOT OK
2025-12-23,22:15:32.452082,NOT OK
2025-12-23,22:15:32.653030,NOT OK
2025-12-23,22:15:32.861630,NOT OK
2025-12-23,22:15:32.957645,NOT OK
2025-12-23,22:15:33.045065,NOT OK
2025-12-23,22:15:33.147751,NOT OK
2025-12-23,22:15:33.258648,NOT OK
2025-12-23,22:15:33.459636,NOT OK
2025-12-23,22:15:33.697411,NOT OK
2025-12-23,22:15:33.852100,NOT OK
2025-12-23,22:15:34.083414,NOT OK
2025-12-23,22:15:34.249457,NOT OK
2025-12-23,22:15:34.437372,NOT OK
2025-12-23,22:15:34.636432,NOT OK
2025-12-23,22:15:34.842136,NOT OK
2025-12-23,22:15:35.061500,NOT OK
2025-12-23,22:15:35.225547,NOT OK
2025-12-23,22:15:35.437614,NOT OK
2025-12-23,22:15:35.625712,NOT OK
2025-12-23,22:15:35.730614,NOT OK
2025-12-23,22:15:35.836637,NOT OK
2025-12-23,22:15:35.932370,NOT OK
2025-12-23,22:15:36.025724,NOT OK
2025-12-23,22:15:36.120942,NOT OK
2025-12-23,22:15:36.220618,NOT OK
2025-12-23,22:15:36.326259,NOT OK
2025-12-23,22:15:36.431154,NOT OK
2025-12-23,22:15:36.528310,NOT OK
2025-12-23,22:15:36.619228,NOT OK
2025-12-23,22:15:36.718800,NOT OK
2025-12-23,22:15:36.829590,NOT OK
2025-12-23,22:15:36.923448,NOT OK
2025-12-23,22:15:37.017521,NOT OK
2025-12-23,22:15:37.119931,NOT OK
2025-12-23,22:15:37.213138,NOT OK
2025-12-23,22:15:37.323008,NOT OK
2025-12-23,22:15:37.417404,NOT OK
2025-12-23,22:15:37.513115,NOT OK
2025-12-23,22:15:37.604440,NOT OK
2025-12-23,22:15:37.701087,NOT OK
2025-12-23,22:15:37.823687,NOT OK
2025-12-23,22:15:37.913746,NOT OK
2025-12-23,22:15:38.011897,NOT OK
2025-12-23,22:15:38.149321,NOT OK
2025-12-23,22:15:38.223586,NOT OK
2025-12-23,22:15:38.298890,NOT OK
2025-12-23,22:15:38.408244,NOT OK
2025-12-23,22:15:38.511762,NOT OK
2025-12-23,22:15:38.605892,NOT OK
2025-12-23,22:15:38.719324,NOT OK
2025-12-23,22:15:38.805061,NOT OK
2025-12-23,22:15:38.898581,NOT OK
2025-12-23,22:15:39.137478,NOT OK
2025-12-23,22:15:39.397902,NOT OK
2025-12-23,22:15:39.590045,NOT OK
2025-12-23,22:15:39.893708,NOT OK
2025-12-23,22:15:39.996515,NOT OK
2025-12-23,22:15:40.093548,NOT OK
2025-12-23,22:15:40.193076,NOT OK
2025-12-23,22:15:40.286688,NOT OK
2025-12-23,22:15:40.490963,NOT OK
2025-12-23,22:15:40.681967,NOT OK
2025-12-23,22:15:40.884472,NOT OK
2025-12-23,22:15:40.984719,NOT OK
2025-12-23,22:15:41.097774,NOT OK
2025-12-23,22:15:41.273754,NOT OK
2025-12-23,22:15:41.478794,NOT OK
2025-12-23,22:15:41.666980,NOT OK
2025-12-23,22:15:41.876323,NOT OK
2025-12-23,22:15:41.991791,NOT OK
2025-12-23,22:15:42.085204,NOT OK
2025-12-23,22:15:42.180368,NOT OK
2025-12-23,22:15:42.359240,NOT OK
2025-12-23,22:15:42.469811,NOT OK
2025-12-23,22:15:42.571265,NOT OK
2025-12-23,22:15:42.758183,NOT OK
2025-12-23,22:15:42.969337,NOT OK
2025-12-23,22:15:43.062867,NOT OK
2025-12-23,22:15:43.257224,NOT OK
2025-12-23,22:15:43.456843,NOT OK
2025-12-23,22:15:43.748577,NOT OK
2025-12-23,22:15:43.960268,NOT OK
2025-12-23,22:15:44.061998,NOT OK
2025-12-23,22:15:44.161164,NOT OK
2025-12-23,22:15:44.347793,NOT OK
2025-12-23,22:15:44.650536,NOT OK
2025-12-23,22:15:44.932569,NOT OK
2025-12-23,22:15:45.143115,NOT OK
2025-12-23,22:15:45.237428,NOT OK
2025-12-23,22:15:45.335931,NOT OK
2025-12-23,22:15:45.436941,NOT OK
2025-12-23,22:15:45.540963,NOT OK
2025-12-23,22:15:45.830849,NOT OK
2025-12-23,22:15:46.148649,NOT OK
2025-12-23,22:15:46.824617,NOT OK
2025-12-23,22:15:47.037216,NOT OK
2025-12-23,22:15:47.626074,NOT OK
2025-12-23,22:15:48.409384,NOT OK
2025-12-23,22:15:48.580750,NOT OK
2025-12-23,22:15:48.692613,NOT OK
2025-12-23,22:15:48.724245,NOT OK
2025-12-23,22:15:48.796645,NOT OK
2025-12-23,22:15:48.836333,NOT OK
2025-12-23,22:15:48.895779,NOT OK
2025-12-23,22:15:48.997326,NOT OK
2025-12-23,22:15:49.087055,NOT OK
2025-12-23,22:15:49.205100,NOT OK
2025-12-23,22:15:49.467905,NOT OK
2025-12-23,22:15:49.566489,NOT OK
2025-12-23,22:15:49.620566,NOT OK
2025-12-23,22:15:49.682716,NOT OK
2025-12-23,22:15:49.728114,NOT OK
2025-12-23,22:15:49.794184,NOT OK
2025-12-23,22:15:49.835478,NOT OK
2025-12-23,22:15:49.924481,NOT OK
2025-12-23,22:15:50.203070,NOT OK
2025-12-23,22:15:50.901670,NOT OK
2025-12-23,22:15:51.006276,NOT OK
2025-12-23,22:15:51.111281,NOT OK
2025-12-23,22:15:51.210348,NOT OK
2025-12-23,22:15:51.314748,NOT OK
2025-12-23,22:15:51.420907,NOT OK
2025-12-23,22:15:51.548850,NOT OK
2025-12-23,22:15:51.863474,NOT OK
2025-12-23,22:15:52.136719,NOT OK
2025-12-23,22:15:52.409180,NOT OK
2025-12-23,22:15:52.598885,NOT OK
2025-12-23,22:15:52.782876,NOT OK
2025-12-23,22:15:52.935931,NOT OK
2025-12-23,22:15:53.110793,NOT OK
2025-12-23,22:15:53.400572,NOT OK
2025-12-23,22:15:53.550340,NOT OK
2025-12-23,22:15:53.652470,NOT OK
2025-12-23,22:15:53.749106,NOT OK
2025-12-23,22:15:53.852485,NOT OK
2025-12-23,22:15:53.987822,NOT OK
2025-12-23,22:15:54.200129,NOT OK
2025-12-23,22:15:54.294806,NOT OK
2025-12-23,22:15:54.382858,NOT OK
2025-12-23,22:15:54.496226,NOT OK
2025-12-23,22:15:54.622789,NOT OK
2025-12-23,22:15:54.711619,NOT OK
2025-12-23,22:15:54.793162,NOT OK
2025-12-23,22:15:54.891013,NOT OK
2025-12-23,22:15:55.006508,NOT OK
2025-12-23,22:15:55.094948,NOT OK
2025-12-23,22:15:55.172641,NOT OK
2025-12-23,22:15:55.270792,NOT OK
2025-12-23,22:15:55.389271,NOT OK
2025-12-23,22:15:55.495533,NOT OK
2025-12-23,22:15:55.533035,NOT OK
2025-12-23,22:15:55.574143,NOT OK
2025-12-23,22:15:55.650339,NOT OK
2025-12-23,22:15:55.697826,NOT OK
2025-12-23,22:15:55.756351,NOT OK
2025-12-23,22:15:55.799498,NOT OK
2025-12-23,22:15:55.849309,NOT OK
2025-12-23,22:15:55.886937,NOT OK
2025-12-23,22:15:55.956199,NOT OK
2025-12-23,22:15:56.011356,NOT OK
2025-12-23,22:15:56.083381,NOT OK
2025-12-23,22:15:56.125006,NOT OK
2025-12-23,22:15:56.165451,NOT OK
2025-12-23,22:15:56.214612,NOT OK
2025-12-23,22:15:56.279718,NOT OK
2025-12-23,22:15:56.323730,NOT OK
2025-12-23,22:15:56.443479,NOT OK
2025-12-23,22:15:56.535483,NOT OK
2025-12-23,22:15:56.617237,NOT OK
2025-12-23,22:15:56.731329,NOT OK
2025-12-23,22:15:56.878014,NOT OK
2025-12-23,22:15:56.975647,NOT OK
2025-12-23,22:15:57.075322,NOT OK
2025-12-23,22:15:57.146747,NOT OK
2025-12-23,22:15:57.221558,NOT OK
2025-12-23,22:15:57.312087,NOT OK
2025-12-23,22:15:57.399275,NOT OK
2025-12-23,22:15:57.505068,NOT OK
2025-12-23,22:15:57.600412,NOT OK
2025-12-23,22:15:57.638921,NOT OK
2025-12-23,22:15:57.706926,NOT OK
2025-12-23,22:15:57.788170,NOT OK
2025-12-23,22:15:57.831182,NOT OK
2025-12-23,22:15:57.891639,NOT OK
2025-12-23,22:15:57.924452,NOT OK
2025-12-23,22:15:58.013066,NOT OK
2025-12-23,22:15:58.053602,NOT OK
2025-12-23,22:15:58.096833,NOT OK
2025-12-23,22:15:58.130738,NOT OK
2025-12-23,22:15:58.206078,NOT OK
2025-12-23,22:15:58.280901,NOT OK
2025-12-23,22:15:58.318972,NOT OK
2025-12-23,22:15:58.355315,NOT OK
2025-12-23,22:15:58.426383,NOT OK
2025-12-23,22:15:58.459720,NOT OK
2025-12-23,22:15:58.528747,NOT OK
2025-12-23,22:15:58.562935,NOT OK
2025-12-23,22:15:58.631390,NOT OK
2025-12-23,22:15:58.695843,NOT OK
2025-12-23,22:15:58.742214,NOT OK
2025-12-23,22:15:58.787352,NOT OK
2025-12-23,22:15:58.821409,NOT OK
2025-12-23,22:15:58.867266,NOT OK
2025-12-23,22:15:58.909625,NOT OK
2025-12-23,22:15:58.982675,NOT OK
2025-12-23,22:15:59.015239,NOT OK
2025-12-23,22:15:59.086480,NOT OK
2025-12-23,22:15:59.121229,NOT OK
2025-12-23,22:15:59.182639,NOT OK
2025-12-23,22:15:59.217857,NOT OK
2025-12-23,22:15:59.278781,NOT OK
2025-12-23,22:15:59.318261,NOT OK
2025-12-23,22:15:59.389075,NOT OK
2025-12-23,22:15:59.428401,NOT OK
2025-12-23,22:15:59.498041,NOT OK
2025-12-23,22:15:59.544010,NOT OK
2025-12-23,22:15:59.645215,NOT OK
2025-12-23,22:15:59.741367,NOT OK
2025-12-23,22:15:59.886772,NOT OK
2025-12-23,22:16:00.072838,NOT OK
2025-12-23,22:16:00.212908,NOT OK
2025-12-23,22:16:00.308964,NOT OK
2025-12-23,22:16:00.410097,NOT OK
2025-12-23,22:16:00.470801,NOT OK
2025-12-23,22:16:00.509293,NOT OK
2025-12-23,22:16:00.583785,NOT OK
2025-12-23,22:16:00.636535,NOT OK
2025-12-23,22:16:00.693512,NOT OK
2025-12-23,22:16:00.730008,NOT OK
2025-12-23,22:16:00.772009,NOT OK
2025-12-23,22:16:00.858601,NOT OK
2025-12-23,22:16:00.960664,NOT OK
2025-12-23,22:16:01.054317,NOT OK
2025-12-23,22:16:01.144057,NOT OK
2025-12-23,22:16:01.241401,NOT OK
2025-12-23,22:16:01.351158,NOT OK
2025-12-23,22:16:01.452513,NOT OK
2025-12-23,22:16:01.578623,NOT OK
2025-12-23,22:16:01.648494,NOT OK
2025-12-23,22:16:01.744562,NOT OK
2025-12-23,22:16:01.848862,NOT OK
2025-12-23,22:16:01.943327,NOT OK
2025-12-23,22:16:02.090191,NOT OK
2025-12-23,22:16:02.164765,NOT OK
2025-12-23,22:16:02.230775,NOT OK
2025-12-23,22:16:02.347247,NOT OK
2025-12-23,22:16:02.439874,NOT OK
2025-12-23,22:16:02.537383,NOT OK
2025-12-23,22:16:02.632754,NOT OK
2025-12-23,22:16:02.726244,NOT OK
2025-12-23,22:16:02.824042,NOT OK
2025-12-23,22:16:02.938229,NOT OK
2025-12-23,22:16:03.032426,NOT OK
2025-12-23,22:16:03.128696,NOT OK
2025-12-23,22:16:03.218501,NOT OK
2025-12-23,22:16:03.314460,NOT OK
2025-12-23,22:16:03.430686,NOT OK
2025-12-23,22:16:03.530660,NOT OK
2025-12-23,22:16:03.722993,NOT OK
2025-12-23,22:16:03.932533,NOT OK
2025-12-23,22:16:04.134635,NOT OK
2025-12-23,22:16:04.231126,NOT OK
2025-12-23,22:16:04.329652,NOT OK
2025-12-23,22:16:04.420859,NOT OK
2025-12-23,22:16:04.522619,NOT OK
2025-12-23,22:16:04.633997,NOT OK
2025-12-23,22:16:04.723834,NOT OK
2025-12-23,22:16:04.809226,NOT OK
2025-12-23,22:16:04.909803,NOT OK
2025-12-23,22:16:05.052384,NOT OK
2025-12-23,22:16:05.160289,NOT OK
2025-12-23,22:16:05.220802,NOT OK
2025-12-23,22:16:05.318266,NOT OK
2025-12-23,22:16:05.514455,NOT OK
2025-12-23,22:16:05.706616,NOT OK
2025-12-23,22:16:05.898366,NOT OK
2025-12-23,22:16:06.118594,NOT OK
2025-12-23,22:16:06.213059,NOT OK
2025-12-23,22:16:06.306867,NOT OK
2025-12-23,22:16:06.422524,NOT OK
2025-12-23,22:16:06.526182,NOT OK
2025-12-23,22:16:06.612417,NOT OK
2025-12-23,22:16:06.692167,NOT OK
2025-12-23,22:16:06.792371,NOT OK
2025-12-23,22:16:06.899939,NOT OK
2025-12-23,22:16:07.006792,NOT OK
2025-12-23,22:16:07.102739,NOT OK
2025-12-23,22:16:07.290561,NOT OK
2025-12-23,22:16:07.592882,NOT OK
2025-12-23,22:16:08.588317,NOT OK
2025-12-23,22:16:09.049136,NOT OK
2025-12-23,22:16:09.367346,NOT OK
2025-12-23,22:16:09.673206,NOT OK
2025-12-23,22:16:09.926877,NOT OK
2025-12-23,22:16:10.210671,NOT OK
2025-12-23,22:16:10.517594,NOT OK
2025-12-23,22:16:10.874716,NOT OK
2025-12-23,22:16:11.029208,NOT OK
2025-12-23,22:16:11.117925,NOT OK
2025-12-23,22:16:11.220552,NOT OK
2025-12-23,22:16:11.373270,NOT OK
2025-12-23,22:16:11.564940,NOT OK
2025-12-23,22:16:11.670471,NOT OK
2025-12-23,22:16:11.769992,NOT OK
2025-12-23,22:16:11.871698,NOT OK
2025-12-23,22:16:11.974144,NOT OK
2025-12-23,22:16:12.071800,NOT OK
2025-12-23,22:16:12.223835,NOT OK
2025-12-23,22:16:12.373084,NOT OK
2025-12-23,22:16:12.497284,NOT OK
2025-12-23,22:16:12.660940,NOT OK
2025-12-23,22:16:12.763381,NOT OK
2025-12-23,22:16:12.908433,NOT OK
2025-12-23,22:16:13.262662,NOT OK
2025-12-23,22:16:13.452404,NOT OK
2025-12-23,22:16:13.623870,NOT OK
2025-12-23,22:16:13.897755,NOT OK
2025-12-23,22:16:14.211652,NOT OK
2025-12-23,22:16:14.332102,NOT OK
2025-12-23,22:16:14.436562,NOT OK
2025-12-23,22:16:14.638584,NOT OK
2025-12-23,22:16:14.801871,NOT OK
2025-12-23,22:16:15.011668,NOT OK
2025-12-23,22:16:15.144099,NOT OK
2025-12-23,22:16:15.239275,NOT OK
2025-12-23,22:16:15.349738,NOT OK
2025-12-23,22:16:15.459883,NOT OK
2025-12-23,22:16:15.604233,NOT OK
2025-12-23,22:16:15.686916,NOT OK
2025-12-23,22:16:15.902355,NOT OK
2025-12-23,22:16:16.134971,NOT OK
2025-12-23,22:16:16.248144,NOT OK
2025-12-23,22:16:16.434589,NOT OK
2025-12-23,22:16:16.504263,NOT OK
2025-12-23,22:16:16.593081,NOT OK
2025-12-23,22:16:16.690708,NOT OK
2025-12-23,22:16:16.796295,NOT OK
2025-12-23,22:16:16.891095,NOT OK
2025-12-23,22:16:16.988597,NOT OK
2025-12-23,22:16:17.092827,NOT OK
2025-12-23,22:16:17.194928,NOT OK
2025-12-23,22:16:17.326941,NOT OK
2025-12-23,22:16:17.403685,NOT OK
2025-12-23,22:16:17.527669,NOT OK
2025-12-23,22:16:17.803708,NOT OK
2025-12-23,22:16:17.973564,NOT OK
2025-12-23,22:16:18.132148,NOT OK
2025-12-23,22:16:18.244236,NOT OK
2025-12-23,22:16:18.342757,NOT OK
2025-12-23,22:16:18.407852,NOT OK
2025-12-23,22:16:18.502789,NOT OK
2025-12-23,22:16:18.583839,NOT OK
2025-12-23,22:16:18.680985,NOT OK
2025-12-23,22:16:18.733714,NOT OK
2025-12-23,22:16:18.769815,NOT OK
2025-12-23,22:16:18.865021,NOT OK
2025-12-23,22:16:18.905478,NOT OK
2025-12-23,22:16:18.973775,NOT OK
2025-12-23,22:16:19.073204,NOT OK
2025-12-23,22:16:19.165545,NOT OK
2025-12-23,22:16:19.208093,NOT OK
2025-12-23,22:16:19.284169,NOT OK
2025-12-23,22:16:19.325589,NOT OK
2025-12-23,22:16:19.368667,NOT OK
2025-12-23,22:16:19.487155,NOT OK
2025-12-23,22:16:19.569634,NOT OK
2025-12-23,22:16:19.663883,NOT OK
2025-12-23,22:16:19.769523,NOT OK
2025-12-23,22:16:19.824275,NOT OK
2025-12-23,22:16:19.874682,NOT OK
2025-12-23,22:16:19.924828,NOT OK
2025-12-23,22:16:20.053183,NOT OK
2025-12-23,22:16:20.313862,NOT OK
2025-12-23,22:16:20.522720,NOT OK
2025-12-23,22:16:20.662850,NOT OK
2025-12-23,22:16:20.818121,NOT OK
2025-12-23,22:16:20.963368,NOT OK
2025-12-23,22:16:21.160025,NOT OK
2025-12-23,22:16:21.236114,NOT OK
2025-12-23,22:16:21.337150,NOT OK
2025-12-23,22:16:21.451658,NOT OK
2025-12-23,22:16:21.525047,NOT OK
2025-12-23,22:16:21.629892,NOT OK
2025-12-23,22:16:21.710399,NOT OK
2025-12-23,22:16:21.959415,NOT OK
2025-12-23,22:16:22.114999,NOT OK
2025-12-23,22:16:22.222002,NOT OK
2025-12-23,22:16:22.324683,NOT OK
2025-12-23,22:16:22.423404,NOT OK
2025-12-23,22:16:22.507368,NOT OK
2025-12-23,22:16:22.600581,NOT OK
2025-12-23,22:16:22.783994,NOT OK
2025-12-23,22:16:22.940139,NOT OK
2025-12-23,22:17:36.867151,NOT OK
2025-12-23,22:17:37.309292,NOT OK
2025-12-23,22:17:37.596580,NOT OK
2025-12-23,22:17:37.804208,NOT OK
2025-12-23,22:17:37.919345,NOT OK
2025-12-23,22:17:37.992629,NOT OK
2025-12-23,22:17:38.120694,NOT OK
2025-12-23,22:17:38.165754,NOT OK
2025-12-23,22:17:38.197576,NOT OK
2025-12-23,22:17:38.245829,NOT OK
2025-12-23,22:17:38.298780,NOT OK
2025-12-23,22:17:38.356098,NOT OK
2025-12-23,22:17:38.406983,NOT OK
2025-12-23,22:17:38.481432,NOT OK
2025-12-23,22:17:38.519750,NOT OK
2025-12-23,22:17:38.572120,NOT OK
2025-12-23,22:17:38.602204,NOT OK
2025-12-23,22:17:38.680229,NOT OK
2025-12-23,22:17:38.711697,NOT OK
2025-12-23,22:17:38.781093,NOT OK
2025-12-23,22:17:38.822333,NOT OK
2025-12-23,22:17:38.910432,NOT OK
2025-12-23,22:17:38.941838,NOT OK
2025-12-23,22:17:39.039878,NOT OK
2025-12-23,22:17:39.125764,NOT OK
2025-12-23,22:17:39.231865,NOT OK
2025-12-23,22:17:39.455707,NOT OK
2025-12-23,22:17:39.542056,NOT OK
2025-12-23,22:17:39.597887,NOT OK
2025-12-23,22:17:39.649563,NOT OK
2025-12-23,22:17:39.707884,NOT OK
2025-12-23,22:17:39.774140,NOT OK
2025-12-23,22:17:39.812250,NOT OK
2025-12-23,22:17:39.909533,NOT OK
2025-12-23,22:17:39.955147,NOT OK
2025-12-23,22:17:40.047512,NOT OK
2025-12-23,22:17:40.147326,NOT OK
2025-12-23,22:17:40.241535,NOT OK
2025-12-23,22:17:40.279225,NOT OK
2025-12-23,22:17:40.336043,NOT OK
2025-12-23,22:17:40.372874,NOT OK
2025-12-23,22:17:40.427319,NOT OK
2025-12-23,22:17:40.538538,NOT OK
2025-12-23,22:17:40.668961,NOT OK
2025-12-23,22:17:40.799449,NOT OK
2025-12-23,22:17:40.985220,NOT OK
2025-12-23,22:17:41.223951,NOT OK
2025-12-23,22:17:41.629132,NOT OK
2025-12-23,22:17:41.926641,NOT OK
2025-12-23,22:17:42.780223,NOT OK
2025-12-23,22:17:42.987646,NOT OK
2025-12-23,22:17:43.167789,NOT OK
2025-12-23,22:17:43.333360,NOT OK
2025-12-23,22:17:43.479552,NOT OK
2025-12-23,22:17:43.566380,NOT OK
2025-12-23,22:17:43.717331,NOT OK
2025-12-23,22:17:43.909791,NOT OK
2025-12-23,22:17:44.027530,NOT OK
2025-12-23,22:17:44.171590,NOT OK
2025-12-23,22:17:44.363623,NOT OK
2025-12-23,22:17:44.461401,NOT OK
2025-12-23,22:17:44.554525,NOT OK
2025-12-23,22:17:44.672836,NOT OK
2025-12-23,22:17:44.758157,NOT OK
2025-12-23,22:17:44.913955,NOT OK
2025-12-23,22:17:45.011187,NOT OK
2025-12-23,22:17:45.128484,NOT OK
2025-12-23,22:17:45.175961,NOT OK
2025-12-23,22:17:45.237794,NOT OK
2025-12-23,22:17:45.282761,NOT OK
2025-12-23,22:17:45.370588,NOT OK
2025-12-23,22:17:45.407042,NOT OK
2025-12-23,22:17:45.497393,NOT OK
2025-12-23,22:17:45.604696,NOT OK
2025-12-23,22:17:45.678999,NOT OK
2025-12-23,22:17:45.776464,NOT OK
2025-12-23,22:17:45.864797,NOT OK
2025-12-23,22:17:45.958712,NOT OK
2025-12-23,22:17:46.113171,NOT OK
2025-12-23,22:17:46.251699,NOT OK
2025-12-23,22:17:46.748733,NOT OK
2025-12-23,22:17:47.105035,NOT OK
2025-12-23,22:17:47.594927,NOT OK
2025-12-23,22:17:47.693547,NOT OK
2025-12-23,22:17:47.806134,NOT OK
2025-12-23,22:17:47.866751,NOT OK
2025-12-23,22:17:47.929389,NOT OK
2025-12-23,22:17:47.977132,NOT OK
2025-12-23,22:17:48.110361,NOT OK
2025-12-23,22:17:48.273992,NOT OK
2025-12-23,22:17:48.459602,NOT OK
2025-12-23,22:17:48.649476,NOT OK
2025-12-23,22:17:48.847992,NOT OK
2025-12-23,22:17:49.150363,NOT OK
2025-12-23,22:17:49.695412,NOT OK
2025-12-23,22:17:49.980081,NOT OK
2025-12-23,22:17:50.285822,NOT OK
2025-12-23,22:17:50.495340,NOT OK
2025-12-23,22:17:50.658268,NOT OK
2025-12-23,22:17:50.824800,NOT OK
2025-12-23,22:17:50.920435,NOT OK
2025-12-23,22:17:51.025232,NOT OK
2025-12-23,22:17:51.119429,NOT OK
2025-12-23,22:17:51.234154,NOT OK
2025-12-23,22:17:51.367727,NOT OK
2025-12-23,22:17:51.625618,NOT OK
2025-12-23,22:17:51.882374,NOT OK
2025-12-23,22:17:51.989765,NOT OK
2025-12-23,22:17:52.076599,NOT OK
2025-12-23,22:17:52.195988,NOT OK
2025-12-23,22:17:52.234825,NOT OK
2025-12-23,22:17:52.325371,NOT OK
2025-12-23,22:17:52.437181,NOT OK
2025-12-23,22:17:52.590310,NOT OK
2025-12-23,22:17:52.781092,NOT OK
2025-12-23,22:17:52.973258,NOT OK
2025-12-23,22:17:53.018984,NOT OK
2025-12-23,22:17:53.086826,NOT OK
2025-12-23,22:17:53.124922,NOT OK
2025-12-23,22:17:53.164109,NOT OK
2025-12-23,22:17:53.223275,NOT OK
2025-12-23,22:17:53.274891,NOT OK
2025-12-23,22:17:53.336943,NOT OK
2025-12-23,22:17:53.406443,NOT OK
2025-12-23,22:17:53.451373,NOT OK
2025-12-23,22:17:53.562654,NOT OK
2025-12-23,22:17:53.605425,NOT OK
2025-12-23,22:17:53.649472,NOT OK
2025-12-23,22:17:53.688130,NOT OK
2025-12-23,22:17:53.730179,NOT OK
2025-12-23,22:17:53.793526,NOT OK
2025-12-23,22:17:53.887798,NOT OK
2025-12-23,22:17:53.963789,NOT OK
2025-12-23,22:17:54.102278,NOT OK
2025-12-23,22:17:54.262558,NOT OK
2025-12-23,22:17:54.463654,NOT OK
2025-12-23,22:17:54.811788,NOT OK
2025-12-23,22:17:55.010492,NOT OK
2025-12-23,22:17:55.163547,NOT OK
2025-12-23,22:17:55.320553,NOT OK
2025-12-23,22:17:55.418457,NOT OK
2025-12-23,22:17:55.562938,NOT OK
2025-12-23,22:17:55.700412,NOT OK
2025-12-23,22:17:56.014121,NOT OK
2025-12-23,22:17:56.285518,NOT OK
2025-12-23,22:17:56.421614,NOT OK
2025-12-23,22:17:56.525652,NOT OK
2025-12-23,22:17:56.608314,NOT OK
2025-12-23,22:17:56.647225,NOT OK
2025-12-23,22:17:56.747432,NOT OK
2025-12-23,22:17:56.857049,NOT OK
2025-12-23,22:17:57.019655,NOT OK
2025-12-23,22:17:57.545217,NOT OK
2025-12-23,22:17:57.855480,NOT OK
2025-12-23,22:17:58.626972,NOT OK
2025-12-23,22:18:00.473709,NOT OK
